- Данные таблицы роль
INSERT INTO accounting_task."role" ("name",description) VALUES
	 ('администратор','полные права доступа'),
	 ('руководитель','управление задачами подчиненных'),
	 ('сотрудник','базовые права сотрудника');

-- Данные для таблицы пользователь
INSERT INTO accounting_task."user" (id_role,login,"password") VALUES
	 (1,'admin','$2a$10$SzEA9ilW1hnue6W6hnht9OAWfvNvV836WuKTvQrV7IxXWvTiTXIni'),
	 (3,'ivanov','$2a$10$YlzZoOFP.tAP/NrlH77Ye.pfEtMNN3Sr5M3/eEs3fMn..9Gi7Ufj.'),
	 (2,'petrov','pass123'),
	 (3,'sidorov','pass123'),
	 (3,'smirnov','pass123'),
	 (3,'kozlov','pass123'),
	 (3,'morozov','pass123'),
	 (3,'volkov','pass123'),
	 (3,'zaytsev','pass123'),
	 (3,'sokolov','pass123'),
	 (3,'мама','$2a$10$xtDXtRACZysZ5vuRXw9HUeNwsbTfUVWPkKF0wW5bqBYK1q2BgGAE.'),
	 (3,'sotr1','$2a$10$3YJh3.GK8wsaAcrG0wc3/.V1b1X6iaKsBcvlZqElemQFsZjuCWMQO');

-- Данные для таблицы сотрудники
INSERT INTO accounting_task.employee (id_user,first_name,last_name,middle_name,id_boss,is_active) VALUES
	 (1,'admin','adminov','adminovich',NULL,true),
	 (2,'иван','иванов','иванович',1,true),
	 (3,'петр','петров','петрович',1,true),
	 (4,'сидор','сидоров','сидорович',2,true),
	 (5,'алексей','смирнов','алексеевич',2,true),
	 (6,'дмитрий','козлов','дмитриевич',3,true),
	 (7,'андрей','морозов','андреевич',3,true),
	 (8,'сергей','волков','сергеевич',2,true),
	 (9,'михаил','зайцев','михайлович',3,true),
	 (10,'никита','соколов','никитич',3,true),
	 (11,'Радость','Папина','',1,true);

-- Данные для таблицы статус
INSERT INTO accounting_task.status ("name",description) VALUES
	 ('создание','задача только создана'),
	 ('в ожидании','ожидает назначения или старта'),
	 ('в работе','задача выполняется'),
	 ('сделана','задача завершена'),
	 ('делегирование','задача передается другому исполнителю');

-- Данные для таблицы задачи
INSERT INTO accounting_task.task (id_status,id_creator,"name",description,creation_date,completion_date) VALUES
	 (1,2,'разработать тз','составить техническое задание для проекта','2024-01-10',NULL),
	 (2,2,'назначить исполнителей','распределить задачи по сотрудникам','2024-01-11',NULL),
	 (3,3,'разработать бд','спроектировать структуру базы данных','2024-01-12',NULL),
	 (4,3,'написать документацию','подготовить документацию к проекту','2024-01-09','2024-01-15'),
	 (1,4,'сделать макет','разработать дизайн макета интерфейса','2024-01-13',NULL),
	 (2,5,'настроить сервер','установить и настроить серверное по','2024-01-14',NULL),
	 (3,6,'написать тесты','написать юнит тесты для бэкенда','2024-01-15',NULL),
	 (4,7,'провести код ревью','проверить код команды','2024-01-08','2024-01-16'),
	 (1,8,'сделать отчет','подготовить отчет по спринту','2024-01-16',NULL),
	 (2,9,'обновить документацию','актуализировать документацию','2024-01-17',NULL),
	 (3,2,'тестик','нужный тестик','2026-06-20',NULL),
	 (4,2,'тет','готов','2026-06-11','2026-06-20'),
	 (3,11,'в работе',NULL,'2026-06-21',NULL),
	 (4,11,'сделана',NULL,'2026-06-21','2026-06-21'),
	 (5,11,'делегирую','задача для делегации','2026-06-23',NULL);

-- Данные для таблицы исполнители
INSERT INTO accounting_task.executor (id_task,id_employee,is_active,"comment",change_date) VALUES
	 (1,2,true,'назначен ответственным','2024-01-10'),
	 (1,4,true,'помощник','2024-01-10'),
	 (2,2,true,'руководитель','2024-01-11'),
	 (3,6,true,'основной разработчик','2024-01-12'),
	 (3,7,true,'помощник','2024-01-12'),
	 (4,3,true,'завершена','2024-01-15'),
	 (5,4,true,'в процессе','2024-01-13'),
	 (6,8,true,'настройка сервера','2024-01-14'),
	 (7,6,true,'пишет тесты','2024-01-15'),
	 (8,10,true,'провел ревью','2024-01-16'),
	 (9,9,true,'готовит отчет','2024-01-16'),
	 (10,5,true,'обновляет документы','2024-01-17'),
	 (11,11,true,'тест','2026-06-21'),
	 (12,11,true,'тест','2026-06-21'),
	 (13,2,true,'тест','2026-06-21'),
	 (14,2,true,'тест','2026-06-21'),
	 (15,11,true,'надоело делать','0026-06-23');

-- Данные для таблицы комментарии
INSERT INTO accounting_task."comment" (id_task,id_user,"text",add_date) VALUES
	 (12,1,'молодечик','2026-06-22'),
	 (1,1,'нужно срочно сделать тз','2024-01-10'),
	 (1,2,'принято, приступаю','2024-01-10'),
	 (3,3,'база данных должна быть в 3нф','2024-01-12'),
	 (3,6,'понял, сделаю','2024-01-12'),
	 (4,3,'документация готова','2024-01-15'),
	 (5,4,'макет будет через 2 дня','2024-01-13'),
	 (7,6,'тесты готовы на 50%','2024-01-15'),
	 (7,7,'подключаюсь к помощи','2024-01-15'),
	 (9,9,'отчет почти готов','2024-01-16'),
	 (10,5,'документация обновлена','2024-01-17');

-- Данные для таблицы file (файлы)
INSERT INTO file (id_task, name, add_date, data) VALUES
(1, 'тз_проекта.doc', '2024-01-10', ''),
(3, 'er_diagram.png', '2024-01-12', ''),
(3, 'db_schema.sql', '2024-01-12', ''),
(4, 'doc_project.pdf', '2024-01-15', ''),
(5, 'main_mockup.fig', '2024-01-13', ''),
(7, 'tests.zip', '2024-01-15', ''),
(8, 'review_report.txt', '2024-01-16', ''),
(9, 'sprint_report.xlsx', '2024-01-16', ''),
(10, 'doc_updated.pdf', '2024-01-17', ''),
(2, 'executors_list.xlsx', '2024-01-11', ''),
(11, 'design_system.fig', '2024-01-18', ''),
(11, 'components_library.fig', '2024-01-18', ''),
(12, 'user_research.xlsx', '2024-01-19', ''),
(12, 'personas.pdf', '2024-01-19', ''),
(13, 'presentation.pptx', '2024-01-20', ''),
(14, 'main_page.fig', '2024-01-21', ''),
(15, 'mobile_adaptive.fig', '2024-01-16', ''),
(4, 'documentation.pdf', '2024-01-15', '\x255044462d312e340a'::bytea);